,id,url,title,content
0,0,https://www.tribunnews.com/lifestyle/2020/10/06/tidak-perlu-ikan-begini-cara-membuat-pempek-dos-yang-enak,"
						Tidak Perlu Ikan, Begini Cara Membuat Pempek Dos yang Enak 					","b'TRIBUNNEWS.COM -\xc2\xa0Pernah makan pempek dos yang enak? Nah, daripada beli, mending kita bikin sendiri pempek dos di rumah. Cara membuat pempek dos ini sangat mudah dan dijamin rasanya enak. Arti pempek dos sendiri adalah pempek tanpa ikan. Bahan dasar yang dgunakan untuk membuatnya ya cuma sagu. Hidangan satu ini pun sering jadi alternatif mengkonsumsi pempek pada penggiat vegetarian. Meskipun tanpa ikan, pempek dos dijamin tetap nikmat dipadu dengan kuah cuko asam dan pedas. Nah, sebenarnya membuat pempek dos tanpa ikan ini gampang banget. Lanjut ke halaman berikutnya'"
1,1,https://www.tribunnews.com/lifestyle/2020/10/06/cara-masak-pindang-bandeng-agar-tidak-mudah-hancur-bumbu-dijamin-meresap,"
						Cara Masak Pindang Bandeng agar Tidak Mudah Hancur, Bumbu Dijamin Meresap 					","b'TRIBUNNEWS.COM -\xc2\xa0Selain kembung, ikan bandeng merupakan ikan favorit keluarga Indonesia. Ikan bandeng pun termasuk yang mudah dikreasikan, salah satunya adalah pindang bandeng. Pindang bandeng juga kerap hadir dalam acara besar keluarga seperti Imlek. Cara membuat pindang bandeng tidak terlalu sulit, kok. Hanya saja, kita harus tahu bagaimana proses memasak yang benar agar daging ikan bandeng tidak hancur. Ikan bandeng yang dagingnya hancur akan merusak penampilan hasil masakan. Lanjut ke halaman berikutnya'"
2,2,https://www.tribunnews.com/lifestyle/2020/10/06/tanpa-perawatan-mahal-ini-langkah-sederhana-meniruskan-pipi-secara-alami,"
						Tanpa Perawatan Mahal, Ini Langkah Sederhana Meniruskan Pipi Secara Alami 					","b'TRIBUNNEWS.COM - Ingin pipi lebih tirus tapi bingung bagaimana caranya? Tak perlu bingung, karena ada langkah sederhana untuk meniruskan pipi secara alami. Meninggalkan gaya hidup tidak sehat bisa menjadi salah satu cara yang bisa dicoba. Tidak lain karena menurunkan berat badan juga bisa berpengaruh untuk mengecilkan pipi tembem. Namun jika masih sulit melakukan hal tersebut, kalian bisa coba melakukan dengan cara berikut ini. Melansir dari Kompas.com, ada beberapa pijatan pipi atau latihan pipi untuk membuatnya tampak lebih tirus. Lanjut Ke Halaman Berikutnya'"
3,3,https://www.tribunnews.com/lifestyle/2020/10/06/kombinasi-buah-yang-menyegarkan-dalam-segelas-jus-semangka-melon,"
						Kombinasi Buah yang Menyegarkan dalam Segelas Jus Semangka Melon 					","b'TRIBUNNEWS.COM -\xc2\xa0Ingin mencoba menikmati manfaat dari semangka dan buah melon sekaligus? Wajib kreasikan Jus Semangka Melon yang segar ini. Selain segar dan kaya manfaat,\xc2\xa0Jus Semangka Melon juga mudah dibuat dengan resep berikut. Waktu: 15 Menit Sajian: 4 Gelas Bahan:350 gram semangka, dipotong-potong200 gram melon, dipotong-potong3 sendok makan madu1/2 buah jeruk lemon, diambil airnya150 gram es serut Lanjut ke halaman berikutnya'"
4,4,https://www.tribunnews.com/lifestyle/2020/10/06/cuma-modal-pisau-dapur-begini-cara-memotong-brownies-agar-tidak-hancur,"
						Cuma Modal Pisau Dapur, Begini Cara Memotong Brownies agar Tidak Hancur 					","b'TRIBUNNEWS.COM -\xc2\xa0Brownies\xc2\xa0sendiri merupakan salah satu kue yang mudah dibuat. Saking mudahnya, brownies pun menjadi kue yang dihadirkan saat keadaan mepet dalam sebuah acara. Bahkan brownies pun kerap menjadi pilihan camilan favorit keluarga. Seringkali kita mencoba untuk membuat brownies yang enak seperti buatan bakery. Meski kadang berhasil, namun kita justru gagal dalam memotong brownies. Sehingga tampilannya jauh dari cantik seperti yang dipajang di etalase bakery. Jangan sedih dulu, kita bisa ntuk menghindari dengan melakukan cara mudah berikut ini. Lanjut ke halaman berikutnya'"
5,5,https://www.tribunnews.com/lifestyle/2020/10/06/cara-masak-ceker-ayam-agar-gampang-empuk-cuma-butuh-4-langkah-saja,"
						Cara Masak Ceker Ayam agar Gampang Empuk, Cuma Butuh 4 Langkah Saja 					","b'TRIBUNNEWS.COM -\xc2\xa0Salah satu bagian ayam yang banyak disuka banyak orang adalah ceker ayam. Ceker ayam pun bisa diolah menjadi beragam masakan, mulai dari soto hingga digoreng kering saja. Tidak heran jika ceker ayam laris manis. Tapi, kita bisa membuat sendiri ceker ayam di rumah dan lebih empuk dari para pedagang di pinggir jalan. Sensasi saat makan ceker akan semakin nikmat jika dimakan hingga tulang-tulangnya. Penasaran kan? Lanjut ke halaman berikutnya'"
6,6,https://www.tribunnews.com/lifestyle/2020/10/06/resep-pangsit-ayam-goreng-ini-gampang-banget-dibuat-cuma-dengan-sedikit-bahan,"
						Resep Pangsit Ayam Goreng Ini Gampang Banget Dibuat Cuma dengan Sedikit Bahan! 					","b'TRIBUNNEWS.COM - Resep Pangsit Ayam Goreng ini akan jadi menu\xc2\xa0camilan favorit keluarga. Soalnya, Resep Pangsit Ayam Goreng punya rasa yang bikin ketagihan. Tak perlu lama, langsung saja buat Resep Pangsit Ayam Goreng jadi menu camilan siang ini. Waktu: 30 Menit Sajian: 5 Porsi Bahan:25 buah kulit pangsit siap pakai, bagi 2 bagian150 gram ayam, dicincang kasar100 gram bangkuang, dipotong kotak kecil1 siung bawang putih, dihaluskan2 batang seledri, diiris halus1 sendok makan maizena1 sendok teh garam1/8 sendok teh merica bubuk2 sendok teh gula pasir Lanjut ke halaman berikutnya'"
7,7,https://www.tribunnews.com/lifestyle/2020/10/06/terungkap-cara-bikin-roti-abon-selembut-breadtalk-pemula-pun-pasti-bisa,"
						Terungkap Cara Bikin Roti Abon Selembut Breadtalk, Pemula Pun Pasti Bisa! 					","b'TRIBUNNEWS.COM -\xc2\xa0Roti abon merek Bradtalk bukan main terkenalnya. Roti ini jadi booming di beberapa tahun lalu karena Breadtalk jadi yang pertama kali mempopulerkan roti abon di Indonesia. Walau sebenarnya, di zaman dulu, nenek moyang kita juga sudah suka makan roti bertopping abon, lo. Maklum, zaman dulu belum ada meises apalagi nuttela sampai peanut butter, kan. Jadi, semua bahan yang ada di rumah biasa dijadikan teman makan roti. Nah, roti abon Breadtalk ini punya kelebihan karena tekstur roti yang super lembut berpadu dengan abon pedas dan manis. Enak banget. Untuk resep, sudah ada dimana-mana memang. Tapi, supaya lebih antigagal, baiknya Anda membaca dulu tipsyang satu ini, ya. Lanjut ke halaman berikutnya'"
8,8,https://www.tribunnews.com/lifestyle/2020/10/06/khasiat-jahe-untuk-kulit-tak-main-main-salah-satunya-ampuh-hilangkan-flek-hitam-di-wajah,"
						Khasiat Jahe untuk Kulit Tak Main-main, Salah Satunya Ampuh Hilangkan Flek Hitam di Wajah 					",b'TRIBUNNEWS.COM - Adanya flek hitam memang membuat penampilan jadi kurang percaya diri. Terlebih jika flek hitam muncul di wajah. Untuk hilangkan flek hitam di wajah ada cara super mudah dengan bahan alami yang bisa Anda terapkan. Jangan salah sangka kalau bahan alami bekerja lebih lama. Cara natural malah lebih aman dan ampuh untuk menghilangkan flek hitam di wajah. Salah satu bahan alami yang dapat digunakan yaitu jahe. Kenapa bisa ya? Keajaiban jahe memang tak perlu diragukan lagi. Lanjut Ke Halaman Berikutnya'
9,9,https://www.tribunnews.com/lifestyle/2020/10/06/ramalan-zodiak-besok-rabu-7-oktober-2020-gemini-akan-kesepian-virgo-akan-unggul-di-pekerjaan,"
						Ramalan Zodiak Besok Rabu 7 Oktober 2020, Gemini akan Kesepian, Virgo akan Unggul di Pekerjaan 					","b'TRIBUNNEWS.COM - Berikut ini adalah ramalan zodiakmu untuk hari esok Rabu 7 Oktober 2020. Bagaimana hari esokmu akan berjalan? Akankah ada banyak hal baik yang menyertai atau malah sebaliknya? Baca: 5 Zodiak yang Mudah Selingkuh, Pisces Sangat Sensitif dan Super Emosional Baca: 5 Zodiak yang Rela Mengorbankan Segalanya untuk Cinta: Taurus Dikuasai Venus, Scorpio Bergairah Temukan jawabannya pada ramalan zodiak yang dikutip Tribunnewswiki.com dari Ganesha Speaks pada Selasa (6/10/2020). Simak selengkapnya di sini! 1. Aries Sekarang akhirnya Aries menyadari bahwa mereka telah disibukkan dengan pekerjaan yang mengorbankan kehidupan keluarganya. BACA SELENGKAPNYA DI SINI>>>'"
10,10,https://www.tribunnews.com/lifestyle/2020/10/06/ramalan-zodiak-cinta-rabu-7-oktober-scorpio-beranilah-ungkap-perasaan-dan-capricorn-ingin-sendiri,"
						Ramalan Zodiak Cinta Rabu 7 Oktober: Scorpio Beranilah Ungkap Perasaan dan Capricorn Ingin Sendiri 					","b'TRIBUNNEWS.COM - Bagaimana perjalanan cinta kamu pada Rabu, 7 Oktober 2020? Scorpio harus lebih beranikan diri mengungkapkan perasaanmu. Sementara Capricorn butuh waktu sendiri. Berikut Tribunnews himpun dari horoscopefriends.co.uk ramalan zodiak cinta untuk Rabu, 7 Oktober 2020: 1. Aries Akan ada banyak kejutan romantis untuk Aries. Sedangkan kamu yang jomblo, ada kesempatan untuk berkenalan dengan orang yang membuat kamu tertarik. Aries mulai bersemangat. Baca: Ramalan Zodiak Besok Rabu, 7 Oktober 2020: Virgo akan Unggul dalam Pekerjaan yang Disukainya Baca: 5 Zodiak yang Mudah Selingkuh, Pisces Sangat Sensitif dan Super Emosional 2. Taurus Taurus sangat antusias dalam menjalani hubungan cintanya saat ini.'"
11,11,https://www.tribunnews.com/lifestyle/2020/10/06/ramalan-zodiak-besok-rabu-7-oktober-2020-virgo-akan-unggul-dalam-pekerjaan-yang-disukainya,"
						Ramalan Zodiak Besok Rabu, 7 Oktober 2020: Virgo akan Unggul dalam Pekerjaan yang Disukainya 					","b'TRIBUNNEWS.COM -\xc2\xa0Berikut ramalan zodiak pada Rabu (7/10/2020) besok, lengkap untuk 12 zodiak dari Capricorn hingga Sagitarius. Beberapa zodiak akan mengalami hari yang baik, sementara beberapa zodiak lain diprediksi memiliki hari yang kurang menyenangkan. Pakar astrologi memprediksi ramalan zodiak bagi Aries, Taurus, Gemini, Cancer, Leo, Virgo, Libra, Scorpio, Sagittarius, Capricorn, Aquarius, dan Pisces. Bagaimana dengan zodiak kamu? Simak 12 ramalan zodiak selengkapnya untuk Rabu, 7 Oktober 2020 besok, seperti yang dikutip TribunPalu.com dari Ganeshaspeaks.com. \xe2\x80\xa2\xc2\xa06 Zodiak yang Paling Lihai Menata Emosi demi Hindari Sakit Hati dan Kecewa, dari Libra hingga Gemini 1. Aries (21 Maret - 19 April) Akhirnya kamu menyadari bahwa kesibukan pekerjaanmu telah mengorbankan kehidupan keluarga. Hal itu membuatnya sekarang akan membutuhkan lebih banyak usaha. Kamu akan merogoh kocek yang dalam untuk membuat hati keluargamu senang. 2. Taurus (20 April - 20 Mei) HALAMAN SELENGKAPNYA>>>'"
12,12,https://www.tribunnews.com/lifestyle/2020/10/06/cara-membuat-kangkung-ikan-cue-kangkung-bumbu-bawang-beserta-tips-agar-warna-kangkung-tetap-hijau,"
						Cara Membuat Kangkung Ikan Cue & Kangkung Bumbu Bawang, Beserta Tips Agar Warna Kangkung Tetap Hijau 					","b'TRIBUNNEWS.COM \xe2\x80\x93 Berikut ini cara membuat kangkung ikan cue dan kangkung bumbu bawang yang bisa diolah sendiri di rumah. Bagi Anda yang menyukai sayuran, menu ini cocok dimasak dan dinikmati bersama keluarga. Untuk kangkung ikan cue diolah menggunakan bahan-bahan, seperti ikan pindang cue, kangkung, daun jeruk, dan tomat merah. Cukup 20 menit saja, Anda bisa mengolah kangkung menjadi 4 porsi. Nah, jika ingin daun kangkung tetap hijau, cobalah beberapa tips ini. Satu di antaranya memilih\xc2\xa0kangkung\xc2\xa0yang besar. Baca: Cara Membuat Cumi Saus Padang: Kombinaskan 3 Macam Saus dan Jangan Masak Cumi Terlalu Lama Baca: Ternyata Begini Cara Membuat Sayur Asem yang Enak Seperti Restoran, Cuma Butuh 3 Langkah! Berikut cara membuat kangkung ikan cue dan kangkung bumbu bawang, dilansir Sajiansedap.grid.id: Resep Kangkung Ikan Cue Waktu:\xc2\xa020 Menit Sajian:\xc2\xa04 Porsi'"
13,13,https://www.tribunnews.com/lifestyle/2020/10/06/resep-cah-pare-bawang-putih-ini-sederhana-tapi-bisa-bikin-nambah-nasi-3-kali,"
						Resep Cah Pare Bawang Putih Ini Sederhana Tapi Bisa Bikin Nambah Nasi 3 Kali 					","b'TRIBUNNEWS.COM - Resep Cah Pare Bawang Putih ini bukan main enaknya, lo. Jadi, rugi banget kalau tak mencoba Resep Cah Pare Bawang Putih ini karena takut rasa pahitnya.\xc2\xa0 Jadi tidak perlu ragu lagi untuk mencoba kenikmatan dari Resep Cah Pare Bawang Putih ini. Waktu: 30 Menit Sajian: 4 Porsi Bahan:2 buah (300 gram) pare, belah 2 bagian, buang biji, iris tipis, remas dengan satu sendok makan garam ulangi 2 kali1/4 sendok teh garam1/2 sendok teh kecap ikan150 ml air2 sendok makan bawang putih goreng, cincang kasar untuk taburan2 sendok makan minyak untuk menumis Lanjut ke halaman berikutnya'"
14,14,https://www.tribunnews.com/lifestyle/2020/10/06/cara-bikin-ayam-goreng-tepung-super-kriuk-ala-ayam-asix-milik-ashanty-rahasianya-ada-di-tepung,"
						Cara Bikin Ayam Goreng Tepung Super Kriuk ala Ayam ASIX Milik Ashanty! Rahasianya ada di Tepung 					","b'TRIBUNNEWS.COM - Anang dan Ashanty beberapa tahun belakangan memang mulai menemukuni dunia kuliner sebagai bisnis baru keluarga mereka. Terhitung sudah ada 3 jenis usaha kuliner yang mereka rintis mulai dari Dapur Asix, Ayam Asix sampai toko kue Lumiere. Namun satu yang paling jadi favorit tentu saja restoran Ayam Asix yang menjual ayam goreng tepung beserta aneka jenis sambal. Resto satu ini jadi favorit lantaran punya harga cukup murah, hanya belasan ribu. Ayam goreng tepungnya pun enak dan kriuk banget. Nah, kalau ingin membuat ayam goreng tepung seenak Ayam ASIX, SajianSedap sudah merangkum rahasiannya untuk Anda. Yuk, sama-sama kita simak. Lanjut ke halaman berikutnya'"
15,15,https://www.tribunnews.com/lifestyle/2020/10/06/enggak-perlu-beli-yang-mahal-ini-dia-ciri-wajan-antilengket-murah-tapi-berkualitas-baik,"
						Enggak Perlu Beli yang Mahal, Ini Dia Ciri Wajan Antilengket Murah tapi Berkualitas Baik! 					","b'TRIBUNNEWS.COM - Wajan antilengket kini sangat membuat proses masak memasak jadi lebih mudah, lo. Tak ada cerita bahan masakan lengket hingga harus dikorek yang bikin minyak dan bumbu muncrat kemana-mana. Tak ada juga ceritanya masakan gosong di dasar panci. Tapi sayang, wajan antilengket punya harga selangit. Nah ternyata, masih ada wajan antilengket murah yang berkualitas baik, lo. Kita harus jeli dan melihat ciri-ciri ini saat membelinya. Lanjut ke halaman berikutnya'"
16,16,https://www.tribunnews.com/lifestyle/2020/10/06/ramalan-lengkap-12-zodiak-hari-ini-selasa-6-oktober-2020-aries-galau-tak-menentu-gegara-keuangan,"
						Ramalan Lengkap 12 Zodiak Hari Ini Selasa 6 Oktober 2020: Aries Galau Tak Menentu Gegara Keuangan 					","b'TRIBUNNEWSMAKER.COM\xc2\xa0-\xc2\xa0Inilah ramalan zodiak hari ini Selasa 6 Oktober 2020, menurut ramalan:\xc2\xa0Leo tertantang, Capricorn manfaatkan peluang. Beberapa zodiak diramalkan akan memiliki hari yang menyenangkan, akan tetapi ada juga yang memiliki hari yang buruk. Bagaimana ramalan zodiak hari ini Selasa 6 Oktober 2020 untuk 12 zodiak: Aries, Taurus, Gemini, Cancer, Leo, Virgo, Libra, Scorpio, Sagitarius, Aquarius, dan Pisces? \xe2\x80\xa2\xc2\xa0Ngeles Kayak Bajaj, 4 Zodiak Ini Punya Seribu Alasan, Gemini Mengulur Waktu saat Terpojok \xe2\x80\xa2\xc2\xa0Urutan 12 Zodiak dari yang Bisa Jaga Rahasia sampai Paling Ember, Aries & Taurus di Posisi Atas Dilansir dari\xc2\xa0astrosage.com,\xc2\xa0berikut ramalan zodiak hari ini Selasa 6 Oktober 2020. 1. AriesMungkin suasana hatimu sedang tidak menentu karena seseorang. Kamu juga akan merasa khawatir dengan kondisi keuanganmu. Untuk urusan asmara, semuanya akan berjalan baik-baik saja. 2. Taurus Kamu sudah memiliki rencana perjalanan, akan tetapi kamu terpaksa mengubahnya hari ini. Hal ini tentunya akan membuatmu merasa tidak nyaman. HALAMAN SELANJUTNYA =======================>'"
17,17,https://www.tribunnews.com/lifestyle/2020/10/06/ramalan-zodiak-cinta-selasa-6-oktober-2020-scorpio-rindu-dan-sagittarius-jangan-buat-dia-terluka,"
						Ramalan Zodiak Cinta Selasa 6 Oktober 2020: Scorpio Rindu dan Sagittarius Jangan Buat Dia Terluka 					","b'TRIBUNNEWS.COM - Simak bagaimana peruntungan kisah asmara kamu hari ini, Selasa 6 Oktober 2020. Scorpio dilanda kerinduan sepanjang hari. Sementara Cancer akan dilamar. Berdasarkan ramalan zodiak cinta,\xc2\xa0kekasih\xc2\xa0Gemini merasa tak nyaman dengan kebiasaan burukmu. Sedangkan,\xc2\xa0kecurigaan\xc2\xa0Virgo terhadap pasangan akan merusak hubungan kalian. Beberapa zodiak akan mengalami kisah cinta yang indah. Namun, ada juga zodiak yang kisah cintanya dilanda masalah. Bagaimana peruntungan cinta 12 zodiak: Aries, Taurus, Gemini, Cancer, Leo, Virgo, Libra, Scorpio, Sagitarius, Capricorn, Aquarius dan Pisces? Berikut ramalan zodiak cinta dikutip TribunStyle.com dari astrosage.com:  \xe2\x80\xa2 5 Zodiak Paling Selektif dalam Memilih Pasangan: Virgo Sangat Perfeksionis  \xe2\x80\xa2 5 Zodiak yang Tidak Mudah Dibohongi, Virgo Mudah Menebak dan Mengetahuinya 1. Aries Cinta akan menunjukkan getaran positif hari ini. Kehidupan pernikahanmu sedang berada di fase yang menyenangkan. Halaman selanjutnya>>>'"
18,18,https://www.tribunnews.com/lifestyle/2020/10/06/25-tips-mudah-hidup-bahagia-rajin-olahraga-pergi-ke-luar-hingga-tonton-video-lucu,"
						25 Tips Mudah Hidup Bahagia: Rajin Olahraga, Pergi ke Luar, hingga Tonton Video Lucu 					","b'TRIBUNNEWS.COM -\xc2\xa0Setiap orang\xc2\xa0tampak menikmati kebahagiaan. Mereka tampaknya selalu tersenyum dan bersenang-senang. Orang-orang membiarkan emosi dan pengalaman negatif mengalir dalam diri mereka. Jika kamu ingin hidupmu lebih bahagia, kamu dapat mengetahui caranya. Baca: Tips Merawat Kesehatan Gigi saat Pandemi Covid-19 Baca: Lima Tips Asik Nonton Tayangan Film-film Indonesia di Netflix Melalui Ponsel Ilmu pengetahuan membuktikan, kamu memiliki kekuatan untuk mengubah pandangan hidupmu. Di bawah ini, ada 25\xc2\xa0tips mudah untuk hidup bahagia. Berikut daftarnya, dilansir Health.com\xc2\xa0: 1. Olahraga Memompa darah dapat melepaskan endorfin ke seluruh tubuhmu. Ini akan menciptakan perasaan bahagia yang memerangi suasana hati yang buruk.'"
19,19,https://www.tribunnews.com/lifestyle/2020/10/06/ramalan-zodiak-selasa-6-oktober-2020-pisces-jangan-berspekulasi-leo-hadapi-ketegangan-dan-masalah,"
						Ramalan Zodiak Selasa 6 Oktober 2020, Pisces Jangan Berspekulasi, Leo Hadapi Ketegangan dan Masalah 					","b'TRIBUNAMBON.COM - Berikut ramalan zodiak Selasa, 6 Oktober 2020. Berdasarkan ramalan zodiak, hari yang menantang menanti Leo. Sementara itu, Pisces disarankan menghindari spekulasi. Bagaimana dengan zodiak lainnya? Baca: Ramalan Zodiak Selasa 6 Oktober 2020: Gemini Jaga Kesehatan, Aquarius Jangan Cepat Berpuas Diri Baca: Ramalan Zodiak Cinta Besok Selasa 6 Oktober 2020, Cancer Bakal Dilamar Kekasih, Pisces Romantis Sebelum menyambut hari esok, cari tau peruntunganmu melalui ramalan zodiak. Akankah besok menjadi hari yang menyenangkan, atau sebaliknya? Simak ramalan zodiak 6 Oktober 2020 yang dirangkum\xc2\xa0Tribunnews.com\xc2\xa0dari\xc2\xa0Ganeshaspeaks.com! Aries Aries sangat khawatir tentang harta bendanya hari ini. Aries tak ingin membagikannya.'"
20,20,https://www.tribunnews.com/lifestyle/2020/10/06/pertama-di-indonesia-adelle-jewellery-gelar-wedding-festival-2020-secara-online,"
						Pertama di Indonesia, Adelle Jewellery Gelar Wedding Festival 2020 Secara Online 					","b'Laporan Wartawan Tribunnews.com, Eko Sutriyanto TRIBUNNEWS.COM, JAKARTA - Adelle Jewellery mengadakan Adelle\xe2\x80\x99s Live Wedding Festival part II yang akan dilaksanakan secara online di Instagram Live @adellejewellery pada 9-11 & 16-18 Oktober 2020. Wedding festival diadakan sebagai bentuk kepedulian terhadap pasangan calon pengantin agar mereka tetap dapat merencanakan hari pernikahannya dengan mudah, aman, dan nyaman di masa sulit seperti ini. Adelle Jewellery memiliki rangkaian acara yang telah disusun sedemikian rupa untuk memudahkan groom and bride-to-be untuk mencari perhiasan berlian impian yang akan dikenakan di hari bahagia. ""Mulai dari cincin pernikahan, cincin tunangan, hadiah seserahan/ lamaran, hingga set perhiasan untuk pernikahan modern maupun tradisional,"" kata Michael Surya, CEO Adelle Jewellery dalam keterangannya, Senin (5/10/2020). Berkolaborasi dengan fashion designer Soko Wiyanto, Adelle Jewellery menyiapkan virtual fashion show bertemakan State of Dream yang memiliki pesan agar para pasangan tetap optimis dalam mewujudkan pernikahan impian mereka meskipun harus tertunda. Baca: Rencanakan Pernikahan di Masa Pandemi, Tapi Susah Cari Vendor? Ada Wedding Festival Online Lho! Virtual fashion show ini menyajikan bridal jewellery yang telah kita siapkan untuk calon pasangan yang hendak menikah dengan konsep moderm / internasional. ""Selain pernikahan internasional, Adelle Jewellery juga mengadakan virtual fashion show pernikahan traditional dengan tema ""The Tale of Heritage,"" ujarnya. Untuk itu, mereka memadukan pakaian adat calon pengantin Indonesia dari Jawa dan Padang dengan perhiasan berlian, memberikan tampilan tradisional yang elegan serta berkelas. ""Kami berharap traditional virtual fashion show ini memberikan inspirasi bagi calon pengantin yang hendak melangsungkan pernikahan dengan adat tradisional,"" katanya.'"
21,21,https://www.tribunnews.com/lifestyle/2020/10/06/dita-karang-jadi-model-produk-kosmetik-dari-korea-selatan,"
						Dita Karang Jadi Model Produk Kosmetik dari Korea Selatan 					","b'Laporan Wartawan Tribunnews.com, Eko Sutriyanto TRIBUNNEWS.COM, JAKARTA - Dita Karang, anggota dari grup idol K-pop pendatang baru Secret Number ditunjuk menjadi model dari brand kecantikan Nacific khusus untuk Indonesia mulai 5 Oktober 2020. Nacific merupakan brand kecantikan yang berbasis di Seoul, Korea Selatan dan telah lama terjun di pasar internasional termasuk Indonesia dengan produk kosmetik naturalis. Beberapa produk unggulan mereka adalah \xe2\x80\x98Fresh Herb Origin Serum\xe2\x80\x99 dari \xe2\x80\x98Fresh Herb Origin\xe2\x80\x99 line yang telah terjual lebih dari 1 juta botol di seluruh dunia; \xe2\x80\x98Phyto Niacin Whitening\xe2\x80\x99 line; \xe2\x80\x98Real Floral\xe2\x80\x99 line, dan lainnya. Selain berkecimpung dalam produk perawatan kulit, NACIFIC kini meluncurkan produk kosmetik yang diproduksi khusus untuk para konsumen di Indonesia. Setelah meluncurkan lip cream pada April dan Juli, NACIFIC belum lama meluncurkan produk terbarunya yaitu \xe2\x80\x98Juicy Mood Blusher\xe2\x80\x99. Baca: Dita Karang Tak Henti Menangis Saat Telepon Ibunya Dita adalah model wanita pertama untuk NACIFIC Indonesia. Beberapa waktu lalu, Dita mengungkapkan di akun Instagram resmi Secret Number bahwa ia sangat senang menjadi model iklan untuk pertama kalinya bersama NACIFIC. Perwakilan dari NACIFIC mengatakan,\xe2\x80\x9cSuatu kehormatan bagi NACIFIC yang dicintai di Indonesia untuk bekerja sama dengan Dita Secret Number yang dicintai di Korea. Untuk ke depannya, kami mengharapkan dukungan dan perhatiannya terhadap Nacific dan Dita.'"
22,22,https://www.tribunnews.com/lifestyle/2020/10/06/makin-canggih-produk-alternatif-rokok-bisa-isi-daya-jarak-jauh,"
						Makin Canggih, Produk Alternatif Rokok Bisa Isi Daya Jarak Jauh 					","b'Laporan Wartawan Tribunnews.com, Reynas Abdila TRIBUNNEWS.COM, JAKARTA - RELX Technology meluncurkan produk revolusioner yang menggabungkan penelitian dan teknologi inovatif dari tim pakar global. General Manager dari RELX Indonesia Jonathan Ng mengatakan, produk terbaru ini dilengkapi dengan performa baterai yang tak tertandingi dan inovasi pengisi daya nirkabel atau wireless charging.""Para pengguna dapat menikmati pengalaman vape hingga tiga hari sebelum mengisi ulang baterai,"" Jonathan, Senin (5/10/2020). Baca: 5 Hal yang Perlu Diperhatikan Sebelum Membeli Vape, Cocok untuk Pemula ""Pengalaman baru ini memberikan kepuasan kepada pengguna dalam mobilitas dan kenikmatan vaping tanpa abu dan tanpa asap yang belum pernah ada sebelumnya,\xe2\x80\x9d lanjut dia. Sebagai perangkat rokok elektrik (vape), RELX Infinity menjawab masalah konsumen vape dan menetapkan standar baru untuk performa dan keandalan produk. \xe2\x80\x9cSebagai generasi terbaru dari perangkat vape yang sudah banyak dikenal, RELX infinity menetapkan tolak ukur baru untuk kemudahan dan kenyamanan penggunaan. Standar yang dimiliki produk ini jauh melampaui standar rokok elektrik lainnya yang ada di pasaran,\xe2\x80\x9d jelasnya. Selain itu, Jonathan juga menekankan bahwa RELX Infinity menyediakan alternatif bagi perokok yang mencari produk lebih rendah risiko. Perangkat RELX Infinity akan dijual dengan harga spesial\xc2\xa0Perangkat ini biasanya dijual seharga Rp 300.000 dan satu paket pods e-liquid Infinity 2 x 2 ml dijual dengan harga Rp. 170.000. Akan tetapi selama masa promo, produk Infinity akan dijual seharga Rp. 135.000 dengan pembelian setiap paket pod. Produk RELX ini dapat dibeli pengguna di gerai Alfamart Jakarta atau melalui website resmi RELX di www.relxnow.co.id.'"
23,23,https://www.tribunnews.com/lifestyle/2020/10/06/meminimalisir-keluhan-kulit-sensitif-ketahui-cara-perawatannya,"
						Meminimalisir Keluhan Kulit Sensitif, Ketahui Cara Perawatannya 					","b'TRIBUNNEWS.COM -\xc2\xa0Ruam, kemerahan, gatal, kering, beruntusan, dan mudah jerawatan, hingga kulit perih seperti terbakar\xc2\xa0merupakan sederet keluhan banyak orang yang memiliki\xc2\xa0kulit sensitif. Penyebab\xc2\xa0kulit sensitif\xc2\xa0bisa beragam.\xc2\xa0Misalnya, karena udara, bahan kimia dari produk kecantikan yang digunakan. Bahkan tak menutup kemungkinan\xc2\xa0masalah itu muncul\xc2\xa0dari makanan yang kita konsumsi. Untuk itu, pemilik kulit sensitif memerlukan perhatian khusus dalam merawat kulit serta memerhatikan kandungan bahan dari produk perawatan yang digunakan. Satu\xc2\xa0di antara\xc2\xa0yang\xc2\xa0dianjurkan, yakni menggunakan produk dengan formula \xc2\xa0Hypoallergenic. Kini hadir di Indonesia rangkaian skincare asal Korea SNP Prep Cicaronic dengan formula Hypoallergenic, yang berfungsi menenangkan serta merawat kulit wajah yang sensitif.\xc2\xa0 Baca: Punya Kulit Sensitif? Waspadai Aksesoris Berbahan Dasar Metal Terdiri dari 4 rangkaian perawatan yakni: Toning Essence, SOS Ampoule, Soothing Cream, dan Daily Mask. Toning Essence merupakan toner yang \xc2\xa0berfungsi menenangkan kulit, mengembalikan kelembapan kulit yang lelah, serta memberi energi pada kulit. SOS Ampoule,\xc2\xa0 berfungsi menenangkan kulit yang lelah dalam 7 hari.\xc2\xa0 Membantu regenerasi kulit, dan mencerahkan kulit tanpa rasa lengket. Terdiri dari 7 Ampoule dalam satu kemasannya.'"
24,24,https://www.tribunnews.com/lifestyle/2020/10/05/rekomendasi-parfum-beraroma-mewah-dan-tahan-lama-tapi-harga-terjangkau,"
						Rekomendasi Parfum Beraroma Mewah dan Tahan Lama, Tapi Harga Terjangkau 					","b'TRIBUNNEWS.COM -\xc2\xa0Sebagian orang merasa lebih percaya diri memakai parfum\xc2\xa0karena memberikan aroma tubuh yang wangi. Bukan cuma wanita, laki-laki juga senang menggunakan parfum dengan aroma maskulin tentunya. Bahkan ada menjadikan parfum sebagai koleksi.\xc2\xa0Terutama\xc2\xa0dari brand parfum kelas high end. Parfum dari kelas high end tentu memberikan kualitas.\xc2\xa0Selain wanginya enak\xc2\xa0dan tahan lama,\xc2\xa0ada kesan mewah yang menyertainya. Namun, ada kualitas ada harga. Biasanya parfum high end\xc2\xa0dibanderol bombastis. Ada yang harganya sampai mencapai jutaan rupiah. Umumnya, parfum high end brand\xc2\xa0berasal dari luar negeri alias impor. Tapi kini ada juga produksi lokal, yakni Mykonos dengan menawarkan kualitas. Baca: Parfum Bisa Kedaluwarsa, Ketahui Ciri-cirinya Baca: Rahasia Agar Kulit Wajah Mulus dan Cerah Tanpa Skincare, Hanya Butuh Ramuan Kunyit Parfum Mykonos disebut-sebut sebagai dupe-nya parfum kelas dunia. Yang jadi kelebihan,\xc2\xa0harganya yang terjangkau. Brand parfum lokal satu ini diproduksi di Indonesia yang biang dari parfumnya asli berasal dari Perancis. Pertama kali launching pada bulan Juli tahun 2019, ternyata brand ini mendapat respon baik dan memuaskan dari masyarakat, karena dari wangi varian parfumnya serupa dengan dupenya parfum jutaan kelas dunia. Baca: Bau Badan Ganggu Kehidupan Sosial, Ketahui Makanan yang Jadi Sebab Istimewanya parfum lokal ini bisa didapat dengan harga 50 ribu sampai 100 ribu-an. \xe2\x80\x9cUntuk varian wangi parfum ini terinspirasi dari parfum high end kelas dunia, yang mungkin banyak wanita ingin memakai parfum high end namun karena harganya yang mahal sehingga mengurungkan diri untuk membelinya. Maka dari itu Mykonos membuat parfum yang terinspirasi dari parfum highend namun tetap dengan harga yang terjangkau,\xe2\x80\x9d kata John pendiri Mykonos.'"
25,25,https://www.tribunnews.com/lifestyle/2020/10/05/aksi-bersih-bersih-pantai-tanjung-kait-warga-diedukasi-pemilihanan-sampah,"
						Aksi Bersih-Bersih Pantai Tanjung Kait, Warga Diedukasi Pemilihanan Sampah 					","b'Laporan Wartawan Tribunnews.com, Hasiolan Eko P Gultom TRIBUNNEWS.COM - Dalam rangka memperingati HUT ke-75 TNI, Satuan Radar 211 TNI AU bersama Le Minerale dan warga masyarakat, menggelar kegiatan bersih-bersih Pantai Tanjung Kait, Mauk, Kabupaten Tangerang, Sabtu (3/10/2020). Kegiatan ini digelar karena adanya keprihatinan setelah melihat banyaknya sampah yang berceceran di areal pantai wisata ini yang membuat lingkungan di sekitarnya menjadi kotor dan tercemar. Kegiatan ini digelar untuk menyadarkan masyarakat akan pentingnya menjaga kebersihan laut dan pantai. Mengingat saat ini kondisi laut dan pantai makin terancam oleh pencemaran sampah terutama sampah plastik. Kegiatan ini diharapkan bisa menyadarkan masyarakat untuk tidak membuang sampah sembarangan serta melakukan pemilahan sampah plastik yang bisa didaur ulang. Baca: HUT ke-75 TNI, Anggota Komisi I Nilai Perlu Modernisasi SDM dan Alutsista Baca: Duh! Banyak Sampah Medis Dibuang Sembarangan di Pantai Ini Dalam acara ini juga dilakukan sosialisasi daur ulang, penyerahan bantuan tempat sampah serta penetapan satgas kebersihan pantai. Selain aksi bersih dan edukasi pemilahan sampah, dilakukan juga penyerahan simbolis tempat sampah untuk ditempatkan di sepanjang pantai dan penetapan satgas kebersihan pantai. \xe2\x80\x9cKarena itulah, dalam rangka HUT TNI ke-75 dan sebagai wujud bakti kepada masyarakat, Satuan Radar 211 TNI AU bersama Le Minerale dan ADUPI melakukan bersih-bersih di pantai Tanjung Kait dan edukasi pemilahan sampah kepada masyarakat sekitar,\xe2\x80\x9d kata Komandan Satuan Radar (Dansatrad) 211 Tanjung Kait, Letkol Lek Rani Partono. Sustainability Manager Le Minerale, Febri Hutama dalam sambutannya mengatakan, salah satu bentuk dukungan Le Minerale terhadap program Gerakan Ekonomi Sirkular pemerintah adalah memberikan edukasi mengenai pentingnya melakukan pemilahan sampah khususnya plastik, agar dapat didaur ulang. ""Dengan mendaur ulang, plastik tersebut dapat dimanfaatkan terus menerus, dan kita membantu mengurangi beban bumi dalam menerima sampah.\xe2\x80\x9d \xe2\x80\x9cMasyarakat perlu diedukasi tentang pemilahan sampah. Selain untuk menjaga lingkungan, pariwisata terjaga, ikan juga bertambah, dan yang pasti pemilahan sampah membawa keuntungan ekonomi karena sampah plastik bisa dijual untuk didaur ulang,\xe2\x80\x9d ujar Ketua Umum Asosiasi Daur Ulang Plastik Indonesia (ADUPI), Christine Halim.'"
26,26,https://www.tribunnews.com/lifestyle/2020/10/05/ramalan-zodiak-cinta-selasa-6-oktober-2020-scorpio-jangan-memendam-emosi-gemini-ubah-sikapmu,"
						Ramalan Zodiak Cinta, Selasa 6 Oktober 2020: Scorpio Jangan Memendam Emosi, Gemini Ubah Sikapmu! 					","b'TRIBUNNEWS.COM - Simak ramalan zodiak cinta pada Selasa (6/10/2020), cek bagaimana ramalan zodiakmu! Ramalan zodiak dianggap akan menggambarkan nasib seseorang ke depannya. Sebagian zodiak akan mengalami hari buruk dan beberapa mengalami hari yang beruntung dalam hal percintaan. Berikut ramalan zodiak cinta selengkapnya pada Selasa (6/10/2020), yang dikutip Tribunnews dari horoscopefriends.co.uk: 1. ARIES Untuk Aries yang sedang dalam suatu hubungan, lebih bersikaplah positif daripada terus memikirkan hal-hal tidak penting yang hanya akan merugikanmu. Jika kamu Aries yang masih lajang, berusahalah untuk memperluas lingkaran perkenalanmu, dan beri kesempatan pada orang-orang tertentu. 2. TAURUS Saatnya mengatasi masalah dalam kehidupan pribadimu. Karena keberuntungan ada di pihakmu hari ini. Tangani masalahmu sehingga hubunganmu kembali harmonis.'"
27,27,https://www.tribunnews.com/lifestyle/2020/10/05/5-tipe-peminum-kopi-di-indonesia-dari-pemula-expert-hingga-hanya-pencari-promo-yang-mana-anda,"
						5 Tipe Peminum Kopi di Indonesia, Dari Pemula, Expert, Hingga Hanya Pencari Promo, yang Mana Anda? 					","b'TRIBUNNEWS.COM\xc2\xa0- Mengonsumsi kopi sudah menjadi lifestyle masyarakat Indonesia sejak dulu. Kini, semakin banyak varian kopi yang bermunculan. Apalagi, Indonesia adalah salah satu negara penghasil kopi. Coffe shop, kedai kopi, hingga warkop yang mudah ditemui. Peminum kopi pun dapat dinarasikan dari tempat dimana mereka mengonsumsi kopi. Karakteristik penikmat kopi salah satunya dipengaruhi oleh narasi kedai kopi yang mereka datangi. \xe2\x80\xa2\xc2\xa0Kopsus Kekinian Makin Merajalela, Berikut 6 Minuman Kopi yang Jadi Favorit Masyarakat Indonesia \xe2\x80\xa2\xc2\xa0Hari Kopi Internasional, Ini 6 Kopi Asli Indonesia yang Terkenal di Dunia, Bukan Hanya Luwak Hal tersebut diutarakan oleh Cindy Herlin Marta, Co-Founder Shoot Me In The Head yang juga seorang Licensed Q Arabica Grader, seperti melansir salah satu artikel Kompas. Terdapat setidaknya 5 macam peminum kopi di Indonesia. Mulai dari pemula sampai pecinta kopi yang ahli dan sekedar pencari promo. Cindy\xc2\xa0menjelaskan ada penikmat kopi yang lebih suka biji\xc2\xa0origin, ada yang hanya datang untuk cari promo saja, ada juga yang untuk kebutuhan minuman saat kerja. HALAMAN SELANJUTNYA ======>'"
28,28,https://www.tribunnews.com/lifestyle/2020/10/05/ramalan-zodiak-selasa-6-oktober-2020-virgo-biarkan-semua-mengalir-mengikuti-arus,"
						Ramalan Zodiak Selasa 6 Oktober 2020: Virgo Biarkan Semua Mengalir Mengikuti Arus 					","b'TRIBUNNEWS.COM -\xc2\xa0Keberuntungan yang dialami seseorang dapat berubah-ubah setiap harinya. Kondisi ini ternyata dapat dilihat melalui zodiak yang dimiliki. Beberapa zodiak akan mengalami hari yang baik, sementara zodiak lain diprediksi memiliki hari yang kurang menyenangkan. Pakar astrologi memprediksi ramalan zodiak bagi Aries, Taurus, Gemini, Cancer, Leo, Virgo, Libra, Scorpio, Sagittarius, Capricorn, Aquarius, dan Pisces. Leo tengah menghadapi beberapa ketegangan dan masalah hari ini, gemini Jaga kesehatanmu hari ini. Virgo, anak-anak akan menjadi sumber banyak penghargaan. Lalu, bagaimana dengan zodiak lainnya? Berikut ramalan 12 zodiak untuk Selasa, 6 Oktober 2020 yang dirangkum\xc2\xa0Tribunnews\xc2\xa0dari laman\xc2\xa0ganeshaspeaks.com: 1. Aries (21 Maret - 19 April) Kamu sangat mengkhawatirkan harta bendamu.'"
29,29,https://www.tribunnews.com/lifestyle/2020/10/05/ramalan-zodiak-besok-selasa-6-oktober-2020-gemini-terjebak-2-pikiran-cancer-dipuji-orang,"
						Ramalan Zodiak Besok, Selasa 6 Oktober 2020: Gemini Terjebak 2 Pikiran, Cancer Dipuji Orang 					","b'TRIBUNNEWS.COM\xc2\xa0-\xc2\xa0Ramalan zodiak bagi Aries, Taurus, Gemini, Cancer, Leo, Virgo, Libra, Scorpio, Sagitarius, Capricorn, Aquarius, dan Pisces, pada Selasa (6/10/2020). Beberapa zodiak akan mengalami hari yang baik, sementara yang lain diprediksi memiliki hari yang kurang menyenangkan. Meski begitu, tetaplah semangat menjalani hari dengan menjadi diri sendiri. Berikut ramalan lengkap zodiak untuk Selasa (6/10/2020), seperti dikutip\xc2\xa0TribunWow.com\xc2\xa0dari\xc2\xa0Ganeshaspeaks.com: 1. Aries (21 Maret - 19 April) Hari ini, Anda akan sangat khawatir berkaitan dengan harta benda Anda. Bahkan, Anda tidak ingin membagikannya pada orang lain. Suasana hati ini mungkin karena seseorang tertentu. Urusan tentang cinta akan berkembang dengan baik, kata Ganesha. 2. Taurus (20 April - 20 Mei) BACA SELENGKAPNYA>>>'"
30,30,https://www.tribunnews.com/lifestyle/2020/10/05/cara-membuat-martabak-terang-bulan-yang-mudah-praktis-dan-enak-berikut-kumpulan-resepnya,"
						Cara Membuat Martabak Terang Bulan yang Mudah, Praktis dan Enak, Berikut Kumpulan Resepnya 					","b'TRIBUNNEWS.COM\xc2\xa0-\xc2\xa0Berikut kumpulan resep dan cara\xc2\xa0memasak martabak terang bulan yang mudah serta cepat. Martabak terang bulan bisa menjadi salah satu suguhan andalan\xc2\xa0yang cocok\xc2\xa0dihidangkan saat menjamu tamu. Membuat martabak terang bulan cukup mudah dan waktu yang diperlukan juga tidak lama yaitu kurang lebih\xc2\xa01 jam. Anda bisa mengkreasikan\xc2\xa0martabak terang bulan dalam berbagai menu masakan, agar lebih variatif dan menarik. Baca: Cara Membuat Puding Oreo yang Enak dan Sederhana, Simak 2 Resep Ini Baca: Cara Membuat Kuah Soto agar Tidak Bau Langu, Beserta Resep Soto Ayam Kuning dan Soto Ayam Gurih Berikut resep serta cara dan bahan membuat martabak terang bulan yang enak dan praktis yang Tribunnews rangkum dari SajianSedap.grid.id Martabak\xc2\xa0Bolu Keju Jagung Bahan Kulit: 4 butir telur 150 gram gula pasir 240 gram tepung terigu protein sedang'"
31,31,https://www.tribunnews.com/lifestyle/2020/10/05/resep-dan-cara-membuat-puding-yang-mudah-puding-cokelat-kacang-hingga-puding-cake-nanas,"
						Resep dan Cara Membuat Puding yang Mudah, Puding Cokelat Kacang hingga Puding Cake Nanas 					","b'TRIBUNNEWS.COM - Berikut empat resep dan cara membuat puding yang mudah. Puding menjadi pilihan sebagian besar orang sebagai dessert atau hidangan penutup. Saat ini banyak varian puding yang lezat dan nikmat, satu di antaranya puding cokelat kacang. Selain lezat dan nikmat, resep puding ini juga mudah dibuat. Baca: 3 Resep dan Cara Membuat Bolu Kukus Sederhana, Berikut Tips Agar Bolu Kukus Mekar Sempurna Bagi Anda yang berencana menghidangkan puding, berikut empat resep yang patut dicoba: Puding Cokelat Kacang Bahan I: - 400 ml susu cair - 50 gram gula pasir - 1/8 sendok teh garam'"
32,32,https://www.tribunnews.com/lifestyle/2020/10/05/rendam-alat-makan-dalam-larutan-baking-soda-jangan-kaget-dengan-hasilnya,"
						Rendam Alat Makan Dalam Larutan Baking Soda, Jangan Kaget dengan Hasilnya 					","b'TRIBUNNEWS.COM -\xc2\xa0Jangan takut kelebihan baking soda di dapur. Biasanya kita saat membuat kue sering membeli baking soda dalam jumlah banyak. Namun, jika masih sisa kita bisa memanfaatkan baking soda untuk hal bermanfaat lainnya. Salah satunya membuat kita hemat dalam membeli peralatan dapur yang baru. Daripada didiamkan dan jadi kadaluarsa, lebih baik baking soda yang ada di dapur dimanfaatkan untuk hal lain. Soalnya baking soda mempunyai kandungan konsentrat yang lebih tinggi daripada sabun cuci piring biasa, sehingga bisa membersihkan noda lebih ampuh. Lanjut ke halaman berikutnya'"
33,33,https://www.tribunnews.com/lifestyle/2020/10/05/terungkap-cara-pedagang-agar-bakso-bisa-bulat-sempurna-kuncinya-ada-di-sendok,"
						Terungkap Cara Pedagang agar Bakso Bisa Bulat Sempurna, Kuncinya Ada Di Sendok 					","b'TRIBUNNEWS.COM -\xc2\xa0Siapa yang sering membuat bakso sendiri di rumah? Terlihat mudah, nyatanya untuk membuat bakso tidaklah mudah. Terutama untuk mencari bentuk bakso yang bulat sempurna seperti buatan pedagang. Hal ini bisa membuat keluarga jadi tidak tertarik untuk mencoba bakso buatan kita. Tenang saja, kita bisa tiru cara pedagang membuat bakso yang bulat sempurna. Kuncinya terletak ada pada\xc2\xa0sendok yang kita gunakan. Lanjut ke halaman berikutnya'"
34,34,https://www.tribunnews.com/lifestyle/2020/10/05/kecilkan-pori-pori-di-wajah-dengan-yoghurt-hingga-air-mentimun-ketahui-cara-mudah-penggunaannya,"
						Kecilkan Pori-pori di Wajah dengan Yoghurt hingga Air Mentimun, Ketahui Cara Mudah Penggunaannya 					","b'TRIBUNNEWS.COM - Tidak percaya diri dengan pori-pori di wajah? Pori-pori besar memang bisa membuat penampilan jadi kurang menarik. Tak hanya itu, juga bisa membuat wajah tampak kusam. Melansir dari Health and Wellness, berikut beberapa solusi alami yang dapat Anda gunakan untuk mengecilkan pori-pori wajah: 1. Masker wajah yoghurt Yoghurt dikenal secara efisien melarutkan kotoran di pori-pori dan menyeimbangkan bakteri baik alami dari kulit Anda. Cugup gunakan yoghurt pada kulit Anda dan biarkan selama 15 menit sebelum membilasnya dengan air dingin. Lanjut Ke Halaman Berikutnya'"
35,35,https://www.tribunnews.com/lifestyle/2020/10/05/nikmatnya-es-buah-susu-kelapa-bikin-semua-ketagihan,"
						Nikmatnya Es Buah Susu Kelapa Bikin Semua Ketagihan 					","b'TRIBUNNEWS.COM -\xc2\xa0Kombinasi es buah dengan kelapa pasti bikin siapapun ketagihan. Daripada beli, lebih baik kita coba buat sendiri di rumah dengan resep\xc2\xa0Es Buah Susu Kelapa. Dijamin keluarga pasti langsung ketagihan dengan rasanya. Waktu: 30 Menit Sajian: 6 Porsi Bahan:150 gram blewah, dikeruk panjang1 buah kelapa muda, dikeruk lebar150 gram buah melon, potong bola-bola150 gram buah mangga, potong bola-bola100 gram apel, potong-potong kotak100 gram nata de coco lebar300 ml susu rasa kelapa3 sendok makan kental manis750 gram es serut Lanjut ke halaman berikutnya'"
36,36,https://www.tribunnews.com/lifestyle/2020/10/05/kulit-tangan-kusam-segera-cerahkan-kembali-dengan-buah-lemon,"
						Kulit Tangan Kusam? Segera Cerahkan Kembali dengan Buah Lemon 					","b'TRIBUNNEWS.COM - Kulit tangan kusam dan bikin tidak percaya diri? Tak perlu khawatir, coba atasi dengan cara sederhana berikut ini. Cobalah gunakan buah lemon untuk mengatasi kulit tangan yang kusam. Seringkali kita hanya fokus untuk merawat kulit wajah saja. Padahal kulit bagian tubuh lainnya juga perlu mendapatkan perawatan, salah satunya kulit tangan. Kulit tangan yang bersih akan membuat kita tampil lebih percaya diri. Namun sayang jika kita mengabaikannya, kulit tangan akan mengalami bintik hitam, kusam, dan kering karena sering terpapar sinar matahari. Lanjut Ke Halaman Berikutnya'"
37,37,https://www.tribunnews.com/lifestyle/2020/10/05/awas-jangan-lagi-makan-bayam-jika-sudah-timbul-tanda-tanda-ini,"
						AWAS, Jangan Lagi Makan Bayam Jika Sudah Timbul Tanda-tanda ini 					","b'TRIBUNNEWS.COM -\xc2\xa0Pasti semua setuju jika bayam menjadi salah satu sayuran favorit keluarga. Bayam pun sangat cocok dipadukan dengan beragam hidangan atau hanya dikonsumsi dengan sepiring nasi putih. Meski enak dan kaya akan gizi, bayam juga memiliki kurangan yang wajib kita tahu. Terutama jika bayam tersebut memiliki ciri-ciri seperti berikut ini. Bisa-bisa kita malah menjadi rugi besar karena membahayakan kesehatan. Lanjut ke halaman berikutnya'"
38,38,https://www.tribunnews.com/lifestyle/2020/10/05/30-arti-mimpi-yang-berhubungan-dengan-hal-gaib-mimpi-melihat-kuburan-hingga-pintu-surga-terbuka,"
						30 Arti Mimpi yang Berhubungan dengan Hal Gaib, Mimpi Melihat Kuburan hingga Pintu Surga Terbuka 					","b'TRIBUNNEWS.COM - Berikut 30 arti mimpi yang berhubungan dengan hal gaib. Banyak orang yang mungkin merasakan mimpi yang aneh atau tidak biasa. Dikutip dari buku Tafsir Arti Mimpi karangan M. Kamaluddin S.Pd.I MM, dalam agama Islam, mimpi bukan hanya sekedar bunga tidur. Dalam riwayat Auf bin Malik, Nabi SAW membagi tiga kriteria mimpi yang dialami manusia. Baca: Yan Vellia Ungkap Kerinduan untuk Didi Kempot, Kerap Didatangi Lewat Mimpi hingga Sang Anak Menangis Pertama, mimpi buruk atau menakutkan yang datang dari setan. Kedua, mimpi menggelisahkan seseorang ketika terjaga dan terus terbawa dalam mimpinya. Ketiga, mimpi yang menjadi isyarat dari 46 bagian kenabian. (HR Ibnu Abi Syaibah dan Ibnu Majah). Lantas apa arti mimpi yang berkaitan dengan hal gaib? Berikut 30 Arti Mimpi Berhubungan dengan Hal Gaib sebagaimana dikutip dari buku Tafsir Arti Mimpi karangan M. Kamaluddin S.Pd.I MM: 1. Mimpi memberi zakat kepada fakir miskin'"
39,39,https://www.tribunnews.com/lifestyle/2020/10/05/tips-membuat-bakwan-renyah-seperti-tukang-gorengan-kunci-ada-pada-adonan,"
						Tips Membuat Bakwan Renyah Seperti Tukang Gorengan, Kunci Ada Pada Adonan 					","b'TRIBUNNEWS.COM -\xc2\xa0Siapa yang suka dengan bakwan? Semua pasti setuju jika bakwan jadi camilan favorit keluarga. Tidak heran jika kita memilih membuat bakwan sendiri di rumah daripada beli. Namun, kadang bakwan rumahan kurang enak karena tidak garing Cara membuat bakwan garing dan enak ini pasti jadi favorit keluarga. Bukan hanya itu, cara membuat bakwan garing dan enak ini juga mudah banget diikuti. Ayo simak trik membuat adonan bakwan yang bagus dan tepat. Lanjut ke halaman berikutnya'"
